"p_val","avg_log2FC","pct.1","pct.2","p_val_adj","cluster","gene"
0,3.36342480101553,0.825,0.308,0,"AD","LINGO1"
0,1.64863377138325,0.615,0.278,0,"AD","SPP1"
0,2.72825003432817,0.485,0.161,0,"AD","HSPA1A"
0,2.04172454433851,0.68,0.4,0,"AD","NEAT1"
0,1.69690819751542,0.989,0.976,0,"AD","LINC00486"
1.32014340568781e-320,1.57803099664256,0.665,0.41,1.43235559517127e-316,"AD","CRYAB"
1.17109014498177e-269,1.74993520508175,0.504,0.235,1.27063280730522e-265,"AD","MT-ND4"
4.80527493532182e-253,2.60154342495279,0.275,0.057,5.21372330482417e-249,"AD","FKBP5"
2.60810845718783e-248,1.83030559361475,0.397,0.148,2.82979767604879e-244,"AD","GFAP"
1.30332501399794e-247,1.37999506835197,0.612,0.403,1.41410764018777e-243,"AD","ERBB2IP"
9.55517177071817e-245,2.55608112609031,0.298,0.077,1.03673613712292e-240,"AD","BOK"
8.41410955687871e-243,1.23644613732006,0.588,0.332,9.1293088692134e-239,"AD","QDPR"
1.4385675437752e-217,2.0282773641269,0.36,0.138,1.56084578499609e-213,"AD","DNAJB2"
3.04381256257762e-190,1.69709282944312,0.378,0.166,3.30253663039672e-186,"AD","HSP90AB1"
2.57070833819496e-170,1.44752787681799,0.464,0.263,2.78921854694153e-166,"AD","MT-CO2"
2.50023334198329e-167,1.38298945556515,0.448,0.246,2.71275317605187e-163,"AD","MT-CO3"
3.50546241709863e-165,1.21429054292619,0.49,0.287,3.80342672255201e-161,"AD","HSP90AA1"
8.38856312066677e-156,1.35875835561398,0.412,0.214,9.10159098592345e-152,"AD","CNTN2"
1.55085951523906e-154,1.5420661829303,0.333,0.145,1.68268257403438e-150,"AD","CCP110"
2.97193334432949e-153,1.68703059783235,0.323,0.137,3.2245476785975e-149,"AD","MT-ATP6"
4.47362714615842e-150,1.52363174897036,0.343,0.157,4.85388545358188e-146,"AD","NDRG1"
2.37812458673478e-142,1.59187341309359,0.295,0.121,2.58026517660724e-138,"AD","KCNMB4"
2.456318607783e-140,1.53928175466575,0.337,0.156,2.66510568944455e-136,"AD","MT-CYB"
2.98941031904056e-140,1.59484644869786,0.258,0.093,3.24351019615901e-136,"AD","HSPB1"
2.77292425260023e-128,1.26301655144728,0.353,0.175,3.00862281407125e-124,"AD","MYRF"
3.40054085940016e-120,1.42410472465301,0.344,0.177,3.68958683244918e-116,"AD","MT-ND2"
4.50640949884326e-118,1.00773537217424,0.453,0.276,4.88945430624493e-114,"AD","LAMP2"
7.37065863611742e-116,1.12428994378846,0.397,0.227,7.9971646201874e-112,"AD","BIN1"
3.62270684729266e-114,1.45363264853578,0.274,0.122,3.93063692931253e-110,"AD","SLC38A2"
1.36630282335323e-109,1.12731068033744,0.442,0.289,1.48243856333825e-105,"AD","PSAP"
2.21882833532083e-102,0.999342177967057,0.459,0.306,2.4074287438231e-98,"AD","GPRC5B"
1.75361775551227e-99,0.899253406900834,0.463,0.303,1.90267526473081e-95,"AD","ABCA2"
2.09107463245795e-95,1.31400765585871,0.301,0.159,2.26881597621687e-91,"AD","CLK1"
1.37727220851307e-93,0.922594870455416,0.459,0.312,1.49434034623668e-89,"AD","SGK1"
2.14669407859845e-92,0.959082775782794,0.454,0.308,2.32916307527931e-88,"AD","PRUNE2"
3.92318912996324e-91,0.845988547577602,0.489,0.343,4.25666020601011e-87,"AD","SPOCK1"
3.73160374126938e-88,1.04200344675269,0.361,0.215,4.04879005927727e-84,"AD","AMER2"
5.67351218647909e-88,0.676685207986134,0.575,0.429,6.15576072232982e-84,"AD","PIP4K2A"
9.5743216044837e-85,0.387805882381057,0.723,0.523,1.03881389408648e-80,"AD","MBP"
2.57041560469202e-82,0.56096794804066,0.635,0.491,2.78890093109084e-78,"AD","EDIL3"
9.22344707423142e-80,0.701549388547354,0.491,0.338,1.00074400755411e-75,"AD","CLDN11"
9.65290065322375e-80,0.924670602060179,0.412,0.277,1.04733972087478e-75,"AD","TMEM165"
4.51598837370037e-77,0.925968635102259,0.353,0.216,4.8998473854649e-73,"AD","NFASC"
5.72171134731819e-73,1.09475011006565,0.253,0.131,6.20805681184024e-69,"AD","ANLN"
5.20399317496722e-68,0.919649117583031,0.388,0.268,5.64633259483943e-64,"AD","MT3"
1.92852423897784e-62,0.95216979729985,0.435,0.337,2.09244879929096e-58,"AD","NDRG2"
4.88564991134282e-61,0.688384958716021,0.471,0.35,5.30093015380696e-57,"AD","FRYL"
2.79188138384971e-60,0.592912194240978,0.456,0.321,3.02919130147693e-56,"AD","CLDND1"
9.89310735620442e-57,0.90301196374832,0.338,0.228,1.07340214814818e-52,"AD","SEPW1"
2.66762337700058e-56,0.473928528263606,0.695,0.627,2.89437136404563e-52,"AD","GPM6B"
2.70039751616313e-55,0.577467336964618,0.496,0.373,2.92993130503699e-51,"AD","PEX5L"
1.1269663431333e-54,0.91652821853229,0.303,0.195,1.22275848229963e-50,"AD","SORT1"
1.30380508290869e-54,0.789204415326239,0.384,0.275,1.41462851495593e-50,"AD","DIP2B"
2.29147641777559e-53,1.03796606529642,0.252,0.15,2.48625191328652e-49,"AD","MT-ND3"
1.79478759007228e-51,0.844499139898163,0.307,0.2,1.94734453522842e-47,"AD","AATK"
1.39846980819443e-49,0.985579320727688,0.255,0.157,1.51733974189096e-45,"AD","ITPKB"
6.48682193035417e-46,0.908139963974257,0.264,0.17,7.03820179443428e-42,"AD","CSRP1"
1.13468835382763e-45,0.594068175667766,0.431,0.323,1.23113686390298e-41,"AD","APLP1"
2.92636271379783e-45,0.823835745613567,0.323,0.222,3.17510354447064e-41,"AD","CNDP1"
1.31228670295862e-43,0.877479041075665,0.253,0.159,1.4238310727101e-39,"AD","TTYH2"
2.98718225335482e-43,0.695905046628277,0.313,0.212,3.24109274488998e-39,"AD","LINC00844"
5.19891565079752e-42,0.435696364540134,0.518,0.405,5.64082348111531e-38,"AD","RNF220"
4.59748738122639e-39,0.785989968988041,0.291,0.202,4.98827380863064e-35,"AD","RGCC"
3.31467229305627e-38,0.544829560062792,0.498,0.41,3.59641943796605e-34,"AD","TMEM144"
6.78024559694062e-37,0.533637272882197,0.439,0.346,7.35656647268057e-33,"AD","PTMA"
6.16572152897332e-35,0.808572733074583,0.28,0.199,6.68980785893605e-31,"AD","PRNP"
5.22721608571183e-33,0.570048347849066,0.381,0.293,5.67152945299734e-29,"AD","CERCAM"
6.77671194129229e-31,0.409147671152856,0.456,0.366,7.35273245630214e-27,"AD","MAP7"
6.79631016447124e-27,0.591542954960443,0.295,0.218,7.37399652845129e-23,"AD","SEPP1"
4.62242088489695e-26,0.583696452281868,0.258,0.184,5.01532666011319e-22,"AD","ABCA8"
6.36011371040209e-26,0.618535670408249,0.274,0.202,6.90072337578626e-22,"AD","DOCK9"
4.03472293007426e-25,0.650530713311675,0.29,0.22,4.37767437913057e-21,"AD","PHLDB1"
1.11246180713772e-24,0.544931631334694,0.261,0.189,1.20702106074443e-20,"AD","FAM107B"
1.57691709821448e-23,0.57228017536315,0.335,0.267,1.71095505156271e-19,"AD","DIP2C"
4.08672095355932e-22,0.364922959698255,0.403,0.325,4.43409223461186e-18,"AD","TF"
4.42418256986872e-22,0.498443624572411,0.487,0.447,4.80023808830756e-18,"AD","DDX17"
1.71096026996325e-21,0.291633313172024,0.463,0.376,1.85639189291012e-17,"AD","SHTN1"
5.38207012808002e-20,0.524125374425777,0.313,0.251,5.83954608896682e-16,"AD","CDK19"
2.94065944402869e-19,0.548971905017415,0.297,0.238,3.19061549677113e-15,"AD","DDX5"
8.8685022147004e-18,0.442408907903009,0.336,0.276,9.62232490294993e-14,"AD","DNAJC6"
1.5259947805481e-17,0.48873262341405,0.339,0.279,1.65570433689469e-13,"AD","DPYD"
5.88531458830249e-15,0.415390045799466,0.343,0.289,6.3855663283082e-11,"AD","TUBA1A"
1.05728469756041e-14,0.483319994748445,0.274,0.222,1.14715389685304e-10,"AD","HTRA1"
1.51275498932298e-14,0.379608720182395,0.254,0.198,1.64133916341543e-10,"AD","MAG"
5.30795951010013e-14,0.404345882094445,0.297,0.246,5.75913606845864e-10,"AD","UBC"
2.41574630234039e-13,0.306013642256459,0.543,0.5,2.62108473803933e-09,"AD","FRMD5"
3.48978132462337e-13,0.282105100321637,0.342,0.282,3.78641273721635e-09,"AD","ENPP2"
5.08177257710532e-13,0.39776768850477,0.347,0.299,5.51372324615927e-09,"AD","KIAA0930"
5.59063451445382e-13,0.37767262772971,0.282,0.229,6.0658384481824e-09,"AD","SLCO1A2"
7.20649896859372e-13,0.26923117164884,0.46,0.407,7.81905138092418e-09,"AD","ELMO1"
1.12833425945961e-11,0.380351095093226,0.287,0.239,1.22424267151368e-07,"AD","KIRREL3"
4.8877501977144e-11,0.373715928139365,0.404,0.371,5.30320896452012e-07,"AD","ARHGAP21"
6.30798253866385e-11,0.448287087807519,0.296,0.255,6.84416105445028e-07,"AD","EIF1"
8.12073534671958e-11,0.328631890140095,0.438,0.405,8.81099785119075e-07,"AD","ARAP2"
8.17139748666367e-10,0.282322237580779,0.456,0.423,8.86596627303008e-06,"AD","RTN4"
1.0175929388307e-09,0.257043270941433,0.281,0.235,1.1040883386313e-05,"AD","HHIP"
2.69017459544914e-09,0.29278273101312,0.397,0.36,2.91883943606231e-05,"AD","GLUL"
7.74639289426566e-09,0.359963635529589,0.332,0.296,8.40483629027824e-05,"AD","GTF2I"
8.30647146806093e-09,0.359481373732209,0.442,0.426,9.01252154284611e-05,"AD","CCDC88A"
2.07578482267269e-08,0.337337174974552,0.325,0.291,0.000225222653259987,"AD","HNRNPDL"
6.93846791566621e-08,0.308896622634142,0.275,0.238,0.000752823768849784,"AD","PXK"
1.2684584810184e-07,0.2871618300634,0.267,0.23,0.00137627745190497,"AD","SLCO3A1"
1.08820541478881e-06,0.336069170911993,0.349,0.323,0.0118070287504586,"AD","PDE8A"
1.14615094739517e-06,0.287304486127522,0.256,0.223,0.0124357377792376,"AD","PLEKHH1"
4.13703789818218e-06,0.325528667069533,0.321,0.296,0.0448868611952766,"AD","PICALM"
6.27274710629114e-06,0.28500179783726,0.392,0.371,0.0680593061032588,"AD","PTPRK"
7.0857357546148e-06,0.341719256253525,0.291,0.266,0.0768802329375706,"AD","ANKRD12"
3.54221317381144e-05,0.286498380311036,0.377,0.361,0.384330129358541,"AD","DPYSL2"
5.46586614668185e-05,0.305593296803408,0.291,0.267,0.59304647691498,"AD","HNRNPA2B1"
0.00132056698743012,0.252528892198187,0.251,0.232,1,"AD","HIP1"
0,2.19430252875629,0.569,0.225,0,"ct","NRXN1"
0,1.95909455329343,0.571,0.23,0,"ct","CTNNA2"
0,1.7897535625136,0.531,0.206,0,"ct","RORA"
0,1.55065923019311,0.787,0.47,0,"ct","LSAMP"
0,2.06581470585209,0.529,0.217,0,"ct","GPM6A"
0,1.37545411074087,0.705,0.415,0,"ct","NTM"
0,3.19907822003663,0.346,0.062,0,"ct","NKAIN3"
4.67916490619093e-289,3.14348487317296,0.264,0.04,5.07689392321716e-285,"ct","LSAMP-AS1"
8.28959352333144e-277,2.62654530199119,0.425,0.162,8.99420897281462e-273,"ct","SLC1A2"
8.3021843742012e-272,1.05659469650632,0.75,0.511,9.00787004600831e-268,"ct","LRP1B"
4.38976815527749e-269,1.91919835187811,0.439,0.166,4.76289844847607e-265,"ct","APOE"
2.72790843218522e-268,3.26903713511541,0.26,0.046,2.95978064892097e-264,"ct","RNF219-AS1"
4.76338632857311e-268,1.72730979382204,0.416,0.146,5.16827416650183e-264,"ct","FAM155A"
1.52952076651086e-267,1.23262312397304,0.631,0.356,1.65953003166429e-263,"ct","CTNND2"
8.56152586335027e-266,2.53374778330606,0.396,0.148,9.28925556173505e-262,"ct","GPC5"
2.03844341051944e-261,1.87217538985993,0.498,0.218,2.2117111004136e-257,"ct","DPP10"
8.91809183256641e-258,1.87366569343547,0.369,0.116,9.67612963833456e-254,"ct","C1orf61"
3.07627613772363e-255,1.65438973410189,0.445,0.179,3.33775960943014e-251,"ct","NTRK2"
8.76129559080322e-255,1.55665518869674,0.425,0.157,9.50600571602149e-251,"ct","RP11-384F7.2"
1.96852516015343e-237,1.41790522109524,0.492,0.228,2.13584979876648e-233,"ct","NRG3"
1.63008610575911e-231,2.15265637795201,0.304,0.084,1.76864342474864e-227,"ct","GABRB1"
3.47890638211532e-229,2.32901244733457,0.325,0.104,3.77461342459512e-225,"ct","ADGRV1"
4.67326965465075e-229,1.3649184498004,0.447,0.186,5.07049757529607e-225,"ct","PDE4D"
1.37218666860441e-226,1.63064901119198,0.473,0.214,1.48882253543578e-222,"ct","LRRC4C"
2.37581307585587e-225,1.12241945039143,0.597,0.338,2.57775718730362e-221,"ct","MIR99AHG"
7.17596530825747e-215,1.96023451904769,0.34,0.118,7.78592235945935e-211,"ct","SPARCL1"
4.07635167333084e-211,1.96924370582091,0.278,0.073,4.42284156556396e-207,"ct","CSGALNACT1"
2.05167939161421e-204,1.46202560212142,0.439,0.199,2.22607213990142e-200,"ct","CST3"
2.08788708564782e-203,0.403057174291176,1,1,2.26535748792789e-199,"ct","MALAT1"
3.92061551533118e-201,0.864640260405554,0.782,0.589,4.25386783413433e-197,"ct","NPAS3"
9.87070549520548e-198,1.99258567293395,0.298,0.094,1.07097154622979e-193,"ct","SOX6"
8.56079063908483e-196,1.9436293927348,0.289,0.088,9.28845784340704e-192,"ct","PREX2"
6.81117344157423e-193,0.828609780057709,0.761,0.548,7.39012318410804e-189,"ct","ERBB4"
1.18862094548853e-191,1.68119078964915,0.348,0.132,1.28965372585506e-187,"ct","PTPRZ1"
3.69518111645392e-191,1.98392111973388,0.271,0.078,4.0092715113525e-187,"ct","TENM2"
1.0098699751319e-189,1.85044878575185,0.265,0.073,1.09570892301811e-185,"ct","C10orf11"
3.54198569966779e-188,1.37969963471802,0.444,0.216,3.84305448413955e-184,"ct","TNIK"
1.59133493328009e-178,1.70723655330297,0.281,0.09,1.7265984026089e-174,"ct","SOX5"
3.21403579987275e-171,0.941221277672347,0.568,0.335,3.48722884286193e-167,"ct","ADGRL3"
4.39847674694559e-169,1.45832314762038,0.344,0.141,4.77234727043596e-165,"ct","PTN"
3.86096862360691e-163,1.43708838074042,0.326,0.129,4.1891509566135e-159,"ct","SGCD"
1.2664855102484e-161,0.636199864040371,0.766,0.543,1.37413677861951e-157,"ct","ZBTB20"
2.52082363482613e-159,1.28550486442837,0.322,0.124,2.73509364378635e-155,"ct","NEBL"
1.35792938729372e-158,1.48500000033007,0.322,0.129,1.47335338521369e-154,"ct","CPE"
2.76335908847849e-158,1.12962513049007,0.424,0.211,2.99824461099916e-154,"ct","DTNA"
2.43780406450611e-154,1.44896786227302,0.321,0.13,2.64501740998913e-150,"ct","PITPNC1"
1.95886407273742e-151,1.50955978827289,0.302,0.119,2.1253675189201e-147,"ct","OPHN1"
5.75678855298444e-151,1.77383247275723,0.258,0.088,6.24611557998811e-147,"ct","CACNB2"
1.31531306770124e-149,1.23395593282663,0.355,0.156,1.42711467845584e-145,"ct","ITPR2"
2.87191838805962e-145,1.49793731352651,0.274,0.1,3.11603145104469e-141,"ct","LINC00461"
3.77099249641087e-145,1.16351914938645,0.328,0.136,4.09152685860579e-141,"ct","NRCAM"
6.67413640175859e-145,1.51574717627426,0.26,0.09,7.24143799590807e-141,"ct","PTPRG"
1.52527320989589e-144,1.39469553383368,0.324,0.139,1.65492143273704e-140,"ct","RP11-436D23.1"
3.29734095589635e-144,1.42004514096274,0.344,0.157,3.57761493714754e-140,"ct","GRID2"
1.84461444925865e-142,1.0195246733704,0.433,0.225,2.00140667744563e-138,"ct","MAML2"
1.0888101808884e-140,1.45761583416192,0.262,0.094,1.18135904626392e-136,"ct","RGS7"
1.46815430343845e-138,1.40052209252352,0.274,0.102,1.59294741923072e-134,"ct","KCNMA1"
2.83940912577503e-137,0.638929649241966,0.789,0.596,3.0807589014659e-133,"ct","PPP2R2B"
1.54300917176897e-134,1.3534632236054,0.307,0.132,1.67416495136933e-130,"ct","REV3L"
1.43434264047224e-132,1.21449881765732,0.309,0.131,1.55626176491238e-128,"ct","MACROD2"
3.03368467938094e-132,1.24861978644722,0.335,0.154,3.29154787712832e-128,"ct","FUT9"
1.94321279858039e-128,1.58611815787139,0.261,0.102,2.10838588645973e-124,"ct","SLC35F1"
1.30523056738719e-126,1.11440501477303,0.351,0.169,1.41617516561511e-122,"ct","CNTN1"
2.06710647144952e-125,1.3388103518456,0.32,0.15,2.24281052152273e-121,"ct","MDGA2"
3.55773100782809e-125,1.05492156915787,0.362,0.178,3.86013814349348e-121,"ct","NAALADL2"
2.53982611813872e-124,1.29790251845675,0.264,0.103,2.75571133818051e-120,"ct","FMN2"
1.00543453895008e-123,1.44242664758883,0.261,0.104,1.09089647476084e-119,"ct","APC"
9.57676546303647e-122,1.23499305289224,0.272,0.11,1.03907905273946e-117,"ct","GRAMD3"
2.7293807339329e-120,1.45671161722748,0.283,0.123,2.96137809631719e-116,"ct","TRPM3"
3.52949562377578e-119,0.670068863585174,0.673,0.498,3.82950275179672e-115,"ct","ADGRB3"
4.8817979011831e-119,1.27804223284436,0.328,0.16,5.29675072278366e-115,"ct","MSI2"
1.56546470851557e-114,1.0383957973352,0.297,0.131,1.69852920873939e-110,"ct","CELF2"
8.00842453811139e-110,0.725724225166968,0.48,0.286,8.68914062385086e-106,"ct","FHIT"
1.00934561523498e-109,1.26540684819763,0.341,0.18,1.09513999252995e-105,"ct","DPP6"
1.83939108563459e-109,1.09691170520006,0.286,0.128,1.99573932791353e-105,"ct","PLCB1"
9.79025985098228e-106,1.25960865389764,0.292,0.138,1.06224319383158e-101,"ct","FGF14"
3.5967327250585e-105,1.14740782960818,0.287,0.134,3.90245500668847e-101,"ct","PCDH9-AS2"
3.81889746393887e-105,1.00167791770978,0.355,0.189,4.14350374837368e-101,"ct","MAPK10"
5.29731144362818e-101,1.03658534180402,0.476,0.314,5.74758291633658e-97,"ct","SLC1A3"
3.3928179935017e-100,0.93713771053326,0.341,0.178,3.68120752294934e-96,"ct","TRPS1"
2.40581863502225e-98,1.08326957860513,0.298,0.147,2.61031321899914e-94,"ct","ZFYVE16"
1.27546151655122e-97,1.24693447677111,0.264,0.12,1.38387574545808e-93,"ct","FRMD4A"
4.86199954125864e-96,1.1596681252978,0.264,0.122,5.27526950226562e-92,"ct","PARD3B"
6.94891249776513e-96,0.648544786361323,0.529,0.347,7.53957006007516e-92,"ct","NFIA"
9.65529948744678e-96,0.863394772725741,0.371,0.206,1.04759999438798e-91,"ct","PRKCA"
1.1629190728475e-94,1.13964250142504,0.275,0.132,1.26176719403953e-90,"ct","DLGAP1"
3.54516585811957e-94,1.07733146961228,0.283,0.138,3.84650495605973e-90,"ct","LMCD1-AS1"
7.7532963297359e-92,0.962296881826711,0.302,0.153,8.41232651776345e-88,"ct","PBX1"
1.25839460167422e-91,0.641271081769806,0.55,0.372,1.36535814281653e-87,"ct","AUTS2"
3.63051400147696e-90,1.02782527643152,0.273,0.131,3.9391076916025e-86,"ct","S100B"
5.0717781954595e-90,0.626633597942354,0.491,0.313,5.50287934207356e-86,"ct","FTX"
2.92756167604479e-86,0.670514546247752,0.473,0.303,3.1764044185086e-82,"ct","FBXL7"
3.46093065254788e-86,1.0009006127571,0.274,0.136,3.75510975801445e-82,"ct","SYNE1"
4.32079512243619e-85,0.934217478418378,0.292,0.149,4.68806270784326e-81,"ct","SMYD3"
1.76127906410136e-83,1.54201824236993,0.254,0.128,1.91098778454998e-79,"ct","DSCAM"
7.30002901299946e-82,1.05401772264895,0.251,0.121,7.92053147910442e-78,"ct","FOXN3"
1.25560403684175e-81,1.55159546431298,0.268,0.143,1.3623303799733e-77,"ct","OPCML"
2.98924772067359e-80,1.04486881594476,0.283,0.149,3.24333377693084e-76,"ct","RBFOX1"
2.05997243192975e-79,1.19067303946027,0.328,0.195,2.23507008864378e-75,"ct","LRRTM4"
4.72866047417623e-79,1.0462211292432,0.252,0.124,5.13059661448121e-75,"ct","TTYH1"
4.8963644525843e-78,0.629943650865221,0.523,0.362,5.31255543105396e-74,"ct","CADM1"
7.28093272383094e-78,0.710840942697117,0.38,0.228,7.89981200535657e-74,"ct","CHD9"
7.92310853613488e-78,0.888792580451305,0.278,0.144,8.59657276170634e-74,"ct","ESRRG"
2.97998166756749e-76,0.817243315750436,0.318,0.178,3.23328010931073e-72,"ct","GRIA2"
5.67646482190922e-76,0.829802166692818,0.256,0.127,6.1589643317715e-72,"ct","PARD3"
2.73725520102681e-75,0.704510853157936,0.523,0.38,2.96992189311408e-71,"ct","ANKS1B"
1.93682251840507e-72,0.745307224918469,0.343,0.203,2.1014524324695e-68,"ct","NFIB"
4.35331893673402e-72,0.799846057653179,0.307,0.174,4.72335104635642e-68,"ct","GALNT13"
1.18508745361851e-71,0.922246162720384,0.252,0.129,1.28581988717609e-67,"ct","ADCY2"
1.86912285190766e-71,0.63974231075721,0.531,0.368,2.02799829431981e-67,"ct","DOCK4"
2.1799962402501e-69,0.795816688383783,0.388,0.249,2.36529592067136e-65,"ct","DLC1"
1.1470591960792e-68,0.743350620468275,0.3,0.167,1.24455922774594e-64,"ct","LPP"
4.61914401731717e-67,0.408013983283986,0.816,0.702,5.01177125878913e-63,"ct","DLG2"
7.50430396580777e-67,0.641304727512797,0.361,0.219,8.14216980290143e-63,"ct","MBD5"
1.75118558804572e-65,1.2443961936194,0.316,0.2,1.9000363630296e-61,"ct","CSMD1"
8.86521710715155e-65,0.658863069261717,0.361,0.224,9.61876056125943e-61,"ct","PARK2"
3.81189963823542e-64,0.819678108303195,0.276,0.153,4.13591110748543e-60,"ct","IMMP2L"
1.04780501151858e-62,0.716775440593744,0.314,0.187,1.13686843749766e-58,"ct","NAV2"
2.54644496059807e-62,0.574225313724109,0.383,0.244,2.76289278224891e-58,"ct","GNAQ"
9.11454354984479e-62,0.640424871481766,0.367,0.232,9.88927975158159e-58,"ct","CIRBP"
9.06975446654432e-61,0.678902688773649,0.325,0.197,9.84068359620059e-57,"ct","PPP1R9A"
2.28037087714081e-59,0.682341133776969,0.343,0.215,2.47420240169778e-55,"ct","ASTN2"
7.66153505566649e-59,0.702026152898827,0.307,0.184,8.31276553539814e-55,"ct","TRIM9"
4.20800088315854e-56,0.67820376081809,0.302,0.182,4.56568095822701e-52,"ct","CAMTA1"
4.73597678994749e-56,0.668869233030003,0.316,0.195,5.13853481709303e-52,"ct","FYN"
4.92228383201703e-56,0.771624807779319,0.276,0.163,5.34067795773847e-52,"ct","MEIS2"
5.03685931578745e-56,0.584182289968632,0.408,0.276,5.46499235762939e-52,"ct","FCHSD2"
2.29639376529307e-54,1.13550277106411,0.312,0.204,2.49158723534298e-50,"ct","KCNIP4"
1.5632823139213e-53,0.361620598188371,0.62,0.469,1.69616131060461e-49,"ct","WWOX"
7.30216607820198e-51,0.252146140379983,0.954,0.95,7.92285019484915e-47,"ct","PCDH9"
3.79456083661054e-50,0.601703099549101,0.318,0.201,4.11709850772244e-46,"ct","MAGI1"
1.23058920423623e-49,0.599257269498552,0.314,0.198,1.33518928659631e-45,"ct","USP39"
6.98592126747305e-48,0.872549074946844,0.258,0.159,7.57972457520826e-44,"ct","PPP1R14A"
7.08770979033382e-48,0.870703799296277,0.263,0.162,7.69016512251219e-44,"ct","PDE1A"
1.64514128092742e-47,0.668901622734459,0.255,0.151,1.78497828980625e-43,"ct","PON2"
3.04292507512503e-46,0.708164952443743,0.255,0.154,3.30157370651066e-42,"ct","NEGR1"
1.05017901531678e-45,0.598688310055402,0.35,0.238,1.1394442316187e-41,"ct","GRM3"
5.50264230238706e-45,0.575729351786042,0.299,0.19,5.97036689808996e-41,"ct","EXOC4"
5.15221691739524e-44,0.683452895479891,0.252,0.154,5.59015535537383e-40,"ct","CPEB4"
2.98849003685843e-43,0.669802363373562,0.255,0.156,3.24251168999139e-39,"ct","NBEA"
4.17915694174151e-43,0.464233753458727,0.377,0.261,4.53438528178954e-39,"ct","PSD3"
5.29920820396157e-43,0.421484021617389,0.545,0.426,5.74964090129831e-39,"ct","CDH20"
2.18014870968858e-42,0.563260993069823,0.331,0.224,2.3654613500121e-38,"ct","PPFIA2"
8.98627115737745e-42,0.428724895645215,0.412,0.293,9.75010420575454e-38,"ct","AKT3"
1.1809600114596e-41,0.528125479937741,0.272,0.17,1.28134161243366e-37,"ct","PPP3CA"
1.53750474594853e-40,0.592064401107487,0.265,0.167,1.66819264935416e-36,"ct","SBF2"
2.86323234053676e-40,0.282079965145788,0.817,0.704,3.10660708948238e-36,"ct","MAGI2"
3.71590789128457e-40,0.342861736929737,0.538,0.405,4.03176006204376e-36,"ct","NCKAP5"
4.47759139604919e-39,0.564560116907373,0.252,0.157,4.85818666471337e-35,"ct","PCM1"
3.59106933844684e-38,0.375959874446816,0.442,0.323,3.89631023221482e-34,"ct","ZSWIM6"
2.82640275094203e-37,0.30463004310673,0.515,0.39,3.0666469847721e-33,"ct","TCF4"
1.38453030120981e-34,0.587246781977623,0.272,0.183,1.50221537681265e-30,"ct","GRIA4"
2.39529797475647e-34,0.61590426082854,0.37,0.277,2.59889830261077e-30,"ct","NOVA1"
2.64741070777252e-34,0.469591469490716,0.308,0.211,2.87244061793319e-30,"ct","MED13L"
5.93925511655397e-34,0.765005638159072,0.264,0.181,6.44409180146106e-30,"ct","CSMD3"
1.00699516090911e-33,0.536826335891082,0.5,0.408,1.09258974958638e-29,"ct","NRXN3"
4.04774227173966e-33,0.525669002315777,0.311,0.218,4.39180036483753e-29,"ct","KIF13A"
8.12742803839626e-33,0.324874494994843,0.459,0.35,8.81825942165994e-29,"ct","MACF1"
1.69722681156159e-32,0.672340919262365,0.397,0.315,1.84149109054433e-28,"ct","MIR219A2"
2.26448380917195e-32,0.436876750882105,0.328,0.231,2.45696493295157e-28,"ct","EIF4G3"
5.435108956945e-32,0.414345242183377,0.334,0.238,5.89709321828533e-28,"ct","BAZ2B"
1.01597057963077e-31,0.659581510257492,0.27,0.188,1.10232807889939e-27,"ct","AK5"
1.74969062382311e-31,0.399806148009094,0.328,0.232,1.89841432684808e-27,"ct","ARID1B"
3.77899216739761e-31,0.413735413005221,0.277,0.188,4.1002065016264e-27,"ct","SORBS1"
6.02820829380942e-31,0.632470676865405,0.429,0.329,6.54060599878322e-27,"ct","CNTNAP2"
1.57073724135747e-30,0.354334494301749,0.37,0.269,1.70424990687285e-26,"ct","JMJD1C"
1.21723069419326e-29,0.480614691718496,0.268,0.183,1.32069530319969e-25,"ct","TAOK3"
1.98035860531815e-29,0.270984605729139,0.452,0.342,2.14868908677019e-25,"ct","GPHN"
6.60651127597552e-29,0.259567194029908,0.505,0.39,7.16806473443344e-25,"ct","N4BP2L2"
1.73348189936455e-28,0.35249606509917,0.414,0.314,1.88082786081053e-24,"ct","TJP1"
3.15183273648033e-28,0.379712687439636,0.359,0.265,3.41973851908116e-24,"ct","DOCK3"
9.02397710793067e-28,0.396403412438978,0.315,0.227,9.79101516210478e-24,"ct","ADD3"
1.61121357961818e-27,0.5062148226364,0.275,0.194,1.74816673388573e-23,"ct","SLC9A9"
3.22927633319278e-27,0.414792493046374,0.26,0.179,3.50376482151416e-23,"ct","NKTR"
3.32383114806126e-27,0.437748086875452,0.277,0.194,3.60635679564647e-23,"ct","SASH1"
5.26568231460812e-27,0.420726504683096,0.593,0.539,5.71326531134981e-23,"ct","NLGN1"
1.71558343620273e-26,0.44775980615313,0.289,0.206,1.86140802827996e-22,"ct","RPL10"
1.49844759929682e-25,0.390457528522988,0.282,0.201,1.62581564523705e-21,"ct","SGIP1"
5.05857592401866e-25,0.369580464727658,0.392,0.305,5.48855487756025e-21,"ct","DMD"
8.73959904776905e-25,0.366694170357547,0.288,0.206,9.48246496682942e-21,"ct","RABGAP1L"
4.76936579748714e-24,0.347744381362037,0.304,0.222,5.17476189027355e-20,"ct","NF1"
2.03096405090313e-23,0.530047496570815,0.393,0.312,2.2035959952299e-19,"ct","MEG3"
3.49558364963762e-23,0.25882225456134,0.379,0.288,3.79270825985682e-19,"ct","NCOA1"
7.69934753873108e-23,0.376640556172265,0.268,0.192,8.35379207952322e-19,"ct","ZNF280D"
2.94845976239897e-21,0.335159182323522,0.278,0.203,3.19907884220288e-17,"ct","SIPA1L1"
5.75340753434862e-21,0.334118244941853,0.332,0.254,6.24244717476825e-17,"ct","FNBP1"
1.03494061874167e-19,0.460760879395318,0.298,0.229,1.12291057133471e-15,"ct","H3F3B"
1.13557124071639e-19,0.357507789764918,0.413,0.333,1.23209479617729e-15,"ct","PLXDC2"
1.46530948003516e-19,0.342770197624994,0.254,0.185,1.58986078583815e-15,"ct","FTO"
1.84150152661523e-19,0.323111663642626,0.262,0.192,1.99802915637752e-15,"ct","ITFG1"
2.09210184306953e-19,0.346064813219287,0.498,0.43,2.26993049973044e-15,"ct","ZEB2"
4.50777413761765e-19,0.375984030640433,0.26,0.193,4.89093493931515e-15,"ct","FAM172A"
5.58234505107863e-19,0.373289050451406,0.254,0.187,6.05684438042031e-15,"ct","ANKRD44"
1.16234641863479e-18,0.281510830147789,0.285,0.213,1.26114586421874e-14,"ct","FAF1"
3.57350328618434e-18,0.305993084057745,0.266,0.198,3.87725106551e-14,"ct","TNRC6A"
2.92103439123386e-17,0.308913929740928,0.374,0.302,3.16932231448874e-13,"ct","LIMCH1"
7.20828865912445e-17,0.295035208618154,0.251,0.186,7.82099319515003e-13,"ct","FOXP1"
1.20740308932747e-16,0.352589753025754,0.325,0.262,1.3100323519203e-12,"ct","ANO4"
2.03963515607003e-16,0.346061055990009,0.281,0.218,2.21300414433598e-12,"ct","BCAS1"
2.74645545575547e-15,0.273519223658726,0.261,0.2,2.97990416949469e-11,"ct","WDFY3"
8.26946422598967e-15,0.352279572617875,0.332,0.272,8.97236868519879e-11,"ct","KCNH8"
1.1358152098868e-14,0.388483274781691,0.355,0.286,1.23235950272718e-10,"ct","TMSB4X"
1.26749777155544e-14,0.339346008782751,0.314,0.252,1.37523508213765e-10,"ct","RPL13"
1.06290624373357e-13,0.2861397872094,0.266,0.208,1.15325327445092e-09,"ct","TSC22D4"
6.2153150086866e-13,0.299250393387624,0.255,0.2,6.74361678442496e-09,"ct","TSPAN5"
1.40468921478332e-12,0.255689960489424,0.306,0.248,1.5240877980399e-08,"ct","C9orf3"
1.85012466635709e-12,0.264941271041033,0.332,0.274,2.00738526299744e-08,"ct","LRRC7"
1.63560250965896e-11,0.300676244502459,0.27,0.219,1.77462872297997e-07,"ct","MARCKSL1"
2.58361178544447e-11,0.270904511853305,0.273,0.221,2.80321878720725e-07,"ct","COBL"
2.97762298895716e-11,0.438628687633271,0.466,0.434,3.23072094301852e-07,"ct","NKAIN2"
7.68734228037163e-11,0.38991395328219,0.348,0.302,8.34076637420321e-07,"ct","MT2A"
1.89588109261137e-10,0.256138428130293,0.252,0.204,2.05703098548334e-06,"ct","RALGAPA1"
2.71549227726446e-10,0.311495777762381,0.339,0.293,2.94630912083194e-06,"ct","CREB5"
8.8311272162151e-10,0.286967577371032,0.255,0.21,9.58177302959338e-06,"ct","KAZN"
3.40686932111954e-09,0.348885632094523,0.375,0.329,3.6964532134147e-05,"ct","CLU"
7.58275256232253e-09,0.290139335555051,0.317,0.272,8.22728653011994e-05,"ct","B2M"
9.49766436233753e-08,0.349562209823236,0.272,0.234,0.00103049658331362,"ct","ADARB2"
